{
    "maxanio":2019,
    "maxdist":218.11219800487248,
    "maxedad":57,
    "minanio":2010,
    "mindist":1.123709717112494,
    "minedad":17
}